CancellationToken	CancellationToken::cancel
CancellationToken	CancellationToken::from_poll
CancellationToken	CancellationToken::is_cancelled
CancellationToken	CancellationToken::new
Cardinality129	Cardinality129::checked_add
Cardinality129	Cardinality129::checked_sub
Cardinality129	Cardinality129::ipv4_inclusive
Cardinality129	Cardinality129::ipv6_inclusive
CleanupArtifacts	CleanupArtifacts::from_entries
CleanupArtifacts	CleanupArtifacts::get
CleanupArtifacts	CleanupArtifacts::iter
CommitCleanupArtifacts	CommitCleanupArtifacts::clean
CommitCleanupArtifacts	CommitCleanupArtifacts::iter
CommitCleanupArtifacts	CommitCleanupArtifacts::tail
CreateFeed	CreateFeed::add_ranges_v4
CreateFeed	CreateFeed::add_ranges_v4_slice
CreateFeed	CreateFeed::add_ranges_v6
CreateFeed	CreateFeed::add_ranges_v6_slice
CreateFeed	CreateFeed::finish_input
DatabaseInfo	DatabaseInfo::direct_semantic
DirectReplacement	DirectReplacement::add_ranges_v4
DirectReplacement	DirectReplacement::add_ranges_v4_slice
DirectReplacement	DirectReplacement::add_ranges_v6
DirectReplacement	DirectReplacement::add_ranges_v6_slice
DirectReplacement	DirectReplacement::finish_input
DirectTransaction	DirectTransaction::abort
DirectTransaction	DirectTransaction::assign_v4
DirectTransaction	DirectTransaction::assign_v6
DirectTransaction	DirectTransaction::clear_metadata_json
DirectTransaction	DirectTransaction::clear_v4
DirectTransaction	DirectTransaction::clear_v6
DirectTransaction	DirectTransaction::commit
DirectTransaction	DirectTransaction::metadata_json
DirectTransaction	DirectTransaction::metadata_json_len
DirectTransaction	DirectTransaction::read_metadata_json
DirectTransaction	DirectTransaction::set_metadata_json
FeedCursor	FeedCursor::next_feed
FeedCursor	FeedCursor::seek_by_index
FeedName	FeedName::as_bytes
FeedName	FeedName::as_str
FeedName	FeedName::new
FinishedHistoryProjection	FinishedHistoryProjection::abort
FinishedHistoryProjection	FinishedHistoryProjection::report
FinishedWorkflow	FinishedWorkflow::abort
FinishedWorkflow	FinishedWorkflow::report
FirstSeenRefresh	FirstSeenRefresh::add_ranges_v4
FirstSeenRefresh	FirstSeenRefresh::add_ranges_v4_slice
FirstSeenRefresh	FirstSeenRefresh::add_ranges_v6
FirstSeenRefresh	FirstSeenRefresh::add_ranges_v6_slice
FirstSeenRefresh	FirstSeenRefresh::finish_input
FirstSeenRefresh	FirstSeenRefresh::finish_input_with_removals_v4
FirstSeenRefresh	FirstSeenRefresh::finish_input_with_removals_v6
ImmutableFeedResult	ImmutableFeedResult::create_immutable_feed_v4
ImmutableFeedResult	ImmutableFeedResult::create_immutable_feed_v6
ImmutableReader	ImmutableReader::direct_cursor_v4
ImmutableReader	ImmutableReader::direct_cursor_v6
ImmutableReader	ImmutableReader::direct_range_source_v4
ImmutableReader	ImmutableReader::direct_range_source_v6
ImmutableReader	ImmutableReader::feed_cursor
ImmutableReader	ImmutableReader::feed_range_cursor_v4
ImmutableReader	ImmutableReader::feed_range_cursor_v6
ImmutableReader	ImmutableReader::info
ImmutableReader	ImmutableReader::lookup_direct_v4
ImmutableReader	ImmutableReader::lookup_direct_v6
ImmutableReader	ImmutableReader::lookup_feed
ImmutableReader	ImmutableReader::lookup_membership_v4
ImmutableReader	ImmutableReader::lookup_membership_v6
ImmutableReader	ImmutableReader::lookup_network_enrichment_v1_v4
ImmutableReader	ImmutableReader::lookup_network_enrichment_v1_v6
ImmutableReader	ImmutableReader::membership_query
ImmutableReader	ImmutableReader::metadata_json
ImmutableReader	ImmutableReader::metadata_json_len
ImmutableReader	ImmutableReader::named_feed_source_v4
ImmutableReader	ImmutableReader::named_feed_source_v6
ImmutableReader	ImmutableReader::network_enrichment_v1_cursor_v4
ImmutableReader	ImmutableReader::network_enrichment_v1_cursor_v6
ImmutableReader	ImmutableReader::open
ImmutableReader	ImmutableReader::read_metadata_json
LastSeenRefresh	LastSeenRefresh::add_ranges_v4
LastSeenRefresh	LastSeenRefresh::add_ranges_v4_slice
LastSeenRefresh	LastSeenRefresh::add_ranges_v6
LastSeenRefresh	LastSeenRefresh::add_ranges_v6_slice
LastSeenRefresh	LastSeenRefresh::finish_input
LiveReader	LiveReader::close
LiveReader	LiveReader::direct_cursor_v4
LiveReader	LiveReader::direct_cursor_v6
LiveReader	LiveReader::direct_range_source_v4
LiveReader	LiveReader::direct_range_source_v6
LiveReader	LiveReader::feed_cursor
LiveReader	LiveReader::feed_range_cursor_v4
LiveReader	LiveReader::feed_range_cursor_v6
LiveReader	LiveReader::info
LiveReader	LiveReader::lookup_direct_v4
LiveReader	LiveReader::lookup_direct_v6
LiveReader	LiveReader::lookup_feed
LiveReader	LiveReader::lookup_membership_v4
LiveReader	LiveReader::lookup_membership_v6
LiveReader	LiveReader::lookup_network_enrichment_v1_v4
LiveReader	LiveReader::lookup_network_enrichment_v1_v6
LiveReader	LiveReader::membership_query
LiveReader	LiveReader::metadata_json
LiveReader	LiveReader::metadata_json_len
LiveReader	LiveReader::named_feed_source_v4
LiveReader	LiveReader::named_feed_source_v6
LiveReader	LiveReader::network_enrichment_v1_cursor_v4
LiveReader	LiveReader::network_enrichment_v1_cursor_v6
LiveReader	LiveReader::open
LiveReader	LiveReader::read_metadata_json
LiveWriter	LiveWriter::address_family
LiveWriter	LiveWriter::begin_create_feed
LiveWriter	LiveWriter::begin_direct_replacement
LiveWriter	LiveWriter::begin_direct_transaction
LiveWriter	LiveWriter::begin_first_seen_refresh
LiveWriter	LiveWriter::begin_last_seen_refresh
LiveWriter	LiveWriter::begin_membership_import
LiveWriter	LiveWriter::begin_membership_transaction
LiveWriter	LiveWriter::begin_replace_feed
LiveWriter	LiveWriter::begin_structured_transaction
LiveWriter	LiveWriter::clear_metadata_json
LiveWriter	LiveWriter::close
LiveWriter	LiveWriter::commit
LiveWriter	LiveWriter::delete_feed
LiveWriter	LiveWriter::open
LiveWriter	LiveWriter::project_history
LiveWriter	LiveWriter::reclaim
LiveWriter	LiveWriter::rename_feed
LiveWriter	LiveWriter::set_metadata_json
LocalBasename	LocalBasename::from_path
MembershipAlgebra	MembershipAlgebra::address_family
MembershipAlgebra	MembershipAlgebra::compare
MembershipAlgebra	MembershipAlgebra::count
MembershipAlgebra	MembershipAlgebra::feed_count
MembershipAlgebra	MembershipAlgebra::feeds
MembershipAlgebra	MembershipAlgebra::new
MembershipAlgebra	MembershipAlgebra::publish_set
MembershipAlgebra	MembershipAlgebra::require_operation_reservation
MembershipImport	MembershipImport::finish_input
MembershipQuery	MembershipQuery::all_feeds
MembershipQuery	MembershipQuery::matching_feeds_v4
MembershipQuery	MembershipQuery::matching_feeds_v6
MembershipQuery	MembershipQuery::named_feeds
MembershipScope	MembershipScope::address_family
MembershipScope	MembershipScope::aggregate
MembershipScope	MembershipScope::aggregate_reserved
MembershipScope	MembershipScope::all
MembershipScope	MembershipScope::feed_count
MembershipScope	MembershipScope::feeds
MembershipScope	MembershipScope::join_direct
MembershipScope	MembershipScope::join_membership
MembershipScope	MembershipScope::named
MembershipScope	MembershipScope::named_from
MembershipScope	MembershipScope::require_operation_reservation
MembershipTransaction	MembershipTransaction::abort
MembershipTransaction	MembershipTransaction::add_feed
MembershipTransaction	MembershipTransaction::apply_v4
MembershipTransaction	MembershipTransaction::apply_v6
MembershipTransaction	MembershipTransaction::clear_metadata_json
MembershipTransaction	MembershipTransaction::commit
MembershipTransaction	MembershipTransaction::delete_feed
MembershipTransaction	MembershipTransaction::empty_membership
MembershipTransaction	MembershipTransaction::ensure_feed
MembershipTransaction	MembershipTransaction::feed_cursor
MembershipTransaction	MembershipTransaction::lookup_feed
MembershipTransaction	MembershipTransaction::rename_feed
MembershipTransaction	MembershipTransaction::set_metadata_json
MembershipView	MembershipView::word
MembershipView	MembershipView::word_count
NetworkEnrichmentV1View	NetworkEnrichmentV1View::threat_membership
PreparedFeedChange	PreparedFeedChange::abort
PreparedFeedChange	PreparedFeedChange::clear_metadata_json
PreparedFeedChange	PreparedFeedChange::commit
PreparedFeedChange	PreparedFeedChange::set_metadata_json
PreparedHistoryProjection	PreparedHistoryProjection::abort
PreparedHistoryProjection	PreparedHistoryProjection::clear_metadata_json
PreparedHistoryProjection	PreparedHistoryProjection::commit
PreparedHistoryProjection	PreparedHistoryProjection::report
PreparedHistoryProjection	PreparedHistoryProjection::set_metadata_json
PreparedWorkflow	PreparedWorkflow::abort
PreparedWorkflow	PreparedWorkflow::clear_metadata_json
PreparedWorkflow	PreparedWorkflow::commit
PreparedWorkflow	PreparedWorkflow::report
PreparedWorkflow	PreparedWorkflow::set_metadata_json
PublicationProblem	PublicationProblem::owned
PublicationResidueHandle	PublicationResidueHandle::close
PublicationResidueRemoval	PublicationResidueRemoval::inspect_publication_residue
PublicationResidueRemoval	PublicationResidueRemoval::remove_publication_residue
Reader	Reader::close
Reader	Reader::cursor_next
Reader	Reader::cursor_seek_v4
Reader	Reader::cursor_seek_v6
Reader	Reader::enumerate_feeds
Reader	Reader::info
Reader	Reader::lookup_direct_v4
Reader	Reader::lookup_direct_v6
Reader	Reader::lookup_feed
Reader	Reader::lookup_membership_token_v4
Reader	Reader::lookup_membership_token_v6
Reader	Reader::lookup_network_enrichment_v1_v4
Reader	Reader::lookup_network_enrichment_v1_v6
Reader	Reader::matching_feeds_v4
Reader	Reader::matching_feeds_v6
Reader	Reader::membership_contains
Reader	Reader::membership_contains_v4
Reader	Reader::membership_contains_v6
Reader	Reader::membership_present_v4
Reader	Reader::membership_present_v6
Reader	Reader::membership_word
Reader	Reader::membership_word_count
Reader	Reader::membership_word_count_v4
Reader	Reader::membership_word_count_v6
Reader	Reader::membership_word_v4
Reader	Reader::membership_word_v6
Reader	Reader::membership_words
Reader	Reader::membership_words_v4
Reader	Reader::membership_words_v6
Reader	Reader::metadata_json_len
Reader	Reader::open_direct_cursor
Reader	Reader::open_feed_cursor
Reader	Reader::open_immutable
Reader	Reader::open_live
Reader	Reader::open_membership_cursor
Reader	Reader::open_network_enrichment_v1_cursor
Reader	Reader::read_metadata_json
RecoveryCandidate	RecoveryCandidate::commit_nonce
RecoveryCandidate	RecoveryCandidate::database_id
RecoveryCandidate	RecoveryCandidate::label
RecoveryCandidate	RecoveryCandidate::source_identity
RecoveryCandidate	RecoveryCandidate::transaction_id
RecoveryCandidateInspection	RecoveryCandidateInspection::candidate
RecoveryCandidateInspection	RecoveryCandidateInspection::candidate_count
RecoveryCandidateInspection	RecoveryCandidateInspection::candidates
RecoverySourceCleanupGuard	RecoverySourceCleanupGuard::cleanup_pending
RecoverySourceCleanupGuard	RecoverySourceCleanupGuard::last_problem
RecoverySourceCleanupGuard	RecoverySourceCleanupGuard::retry_cleanup
ReplaceFeed	ReplaceFeed::add_ranges_v4
ReplaceFeed	ReplaceFeed::add_ranges_v4_slice
ReplaceFeed	ReplaceFeed::add_ranges_v6
ReplaceFeed	ReplaceFeed::add_ranges_v6_slice
ReplaceFeed	ReplaceFeed::finish_input
SliceSource	SliceSource::new
StructuredTransaction	StructuredTransaction::add_feed
StructuredTransaction	StructuredTransaction::assign_v4
StructuredTransaction	StructuredTransaction::delete_feed
StructuredTransaction	StructuredTransaction::empty_membership
StructuredTransaction	StructuredTransaction::ensure_feed
StructuredTransaction	StructuredTransaction::feed_cursor
StructuredTransaction	StructuredTransaction::intern_network_enrichment_v1
StructuredTransaction	StructuredTransaction::lookup_feed
StructuredTransaction	StructuredTransaction::rename_feed
TransactionFeedCursor	TransactionFeedCursor::next_feed
ValidationProgress	ValidationProgress::examined_for
ValidationProgress	ValidationProgress::findings_for
ValueTag	ValueTag::bytes
ValueTag	ValueTag::direct_semantic
ValueTag	ValueTag::from_wire
ValueTag	ValueTag::new
Writer	Writer::address_family
Writer	Writer::begin_direct
Writer	Writer::begin_membership
Writer	Writer::begin_structured
Writer	Writer::clear_metadata_json
Writer	Writer::direct_assign_v4
Writer	Writer::direct_assign_v6
Writer	Writer::direct_clear_v4
Writer	Writer::direct_clear_v6
Writer	Writer::empty_membership
Writer	Writer::enumerate_transaction_feeds
Writer	Writer::feed_delete
Writer	Writer::feed_ensure
Writer	Writer::feed_lookup
Writer	Writer::feed_rename
Writer	Writer::is_clean
Writer	Writer::membership_add_feed
Writer	Writer::membership_apply_v4
Writer	Writer::membership_apply_v6
Writer	Writer::metadata_json_len
Writer	Writer::network_enrichment_v1_intern
Writer	Writer::open
Writer	Writer::read_metadata_json
Writer	Writer::set_metadata_json
Writer	Writer::structured_assign_v4
bootstrap.rs	open
c_abi_support.rs	worker_main
c_abi_support/writer.rs	abort_source_failure
c_abi_support/writer.rs	add_coverage_v4
c_abi_support/writer.rs	add_coverage_v6
c_abi_support/writer.rs	add_direct_v4
c_abi_support/writer.rs	add_direct_v6
c_abi_support/writer.rs	begin_create_feed
c_abi_support/writer.rs	begin_direct_replacement
c_abi_support/writer.rs	begin_first_seen_refresh
c_abi_support/writer.rs	begin_last_seen_refresh
c_abi_support/writer.rs	begin_membership_import
c_abi_support/writer.rs	begin_replace_feed
c_abi_support/writer.rs	close
c_abi_support/writer.rs	delete_feed
c_abi_support/writer.rs	finish_first_seen_with_removals_v4
c_abi_support/writer.rs	finish_first_seen_with_removals_v6
c_abi_support/writer.rs	finish_input
c_abi_support/writer.rs	project_history
c_abi_support/writer.rs	project_history_from
c_abi_support/writer.rs	reclaim
c_abi_support/writer.rs	rename_feed
c_abi_support/writer.rs	structured_assign_v6
c_abi_support/writer.rs	structured_clear_v4
c_abi_support/writer.rs	structured_clear_v6
commit_resolution.rs	resolve_commit
feed_range_cursor.rs	next_range
lib-reexport	AbortOutcome
lib-reexport	AbortResult
lib-reexport	AddressFamily
lib-reexport	AddressRange
lib-reexport	AlgebraComparisonReport
lib-reexport	AlgebraCountReport
lib-reexport	AlgebraOutputBudget
lib-reexport	AlgebraOutputMode
lib-reexport	AlgebraPreparationFailure
lib-reexport	AlgebraSetOperation
lib-reexport	AlgebraSetOutcome
lib-reexport	AlgebraSetReport
lib-reexport	AlgebraSetResult
lib-reexport	CancellationToken
lib-reexport	Cardinality129
lib-reexport	CardinalityOverflow
lib-reexport	CloseOutcome
lib-reexport	CloseResult
lib-reexport	CommitCleanupArtifact
lib-reexport	CommitCleanupArtifacts
lib-reexport	CommitDurability
lib-reexport	CommitResolution
lib-reexport	CommitResolutionMode
lib-reexport	CommitResolutionResult
lib-reexport	CommitResult
lib-reexport	CreateFeed
lib-reexport	CreateResult
lib-reexport	CreationState
lib-reexport	DatabaseInfo
lib-reexport	DirectCursorV4
lib-reexport	DirectCursorV6
lib-reexport	DirectJoinBudget
lib-reexport	DirectJoinCell
lib-reexport	DirectJoinReport
lib-reexport	DirectJoinSink
lib-reexport	DirectJoinSource
lib-reexport	DirectRange
lib-reexport	DirectRangeSourceV4
lib-reexport	DirectRangeSourceV6
lib-reexport	DirectReplacement
lib-reexport	DirectSemantic
lib-reexport	DirectTransaction
lib-reexport	Error
lib-reexport	ErrorCode
lib-reexport	FeedCardinality
lib-reexport	FeedCursor
lib-reexport	FeedEntry
lib-reexport	FeedName
lib-reexport	FeedOverlap
lib-reexport	FeedPair
lib-reexport	FeedRangeCursorV4
lib-reexport	FeedRangeCursorV6
lib-reexport	FeedRangeSourceV4
lib-reexport	FeedRangeSourceV6
lib-reexport	FeedRef
lib-reexport	FeedSelection
lib-reexport	FinishedHistoryProjection
lib-reexport	FinishedWorkflow
lib-reexport	FirstSeenRefresh
lib-reexport	FirstSeenRemoval
lib-reexport	FirstSeenRemovalSink
lib-reexport	HistoryProjectionReport
lib-reexport	HistoryProjectionSource
lib-reexport	HistoryWindow
lib-reexport	HistoryWindowReport
lib-reexport	ImmutableFeedBudget
lib-reexport	ImmutableFeedOutcome
lib-reexport	ImmutableFeedPreparationFailure
lib-reexport	ImmutableFeedReport
lib-reexport	ImmutableFeedResult
lib-reexport	ImmutableReader
lib-reexport	Ipv4Key
lib-reexport	Ipv6Key
lib-reexport	LastSeenRefresh
lib-reexport	LiveCoordinationLocation
lib-reexport	LiveReader
lib-reexport	LiveResetPolicy
lib-reexport	LiveResidueKind
lib-reexport	LiveResidueResult
lib-reexport	LiveResidueStatus
lib-reexport	LiveTransitionOperation
lib-reexport	LiveTransitionResolutionMode
lib-reexport	LiveTransitionResult
lib-reexport	LiveTransitionStatus
lib-reexport	LiveWriter
lib-reexport	LocalBasename
lib-reexport	LocalFileRelation
lib-reexport	LogicalChange
lib-reexport	MAX_METADATA_UNCOMPRESSED
lib-reexport	MatchingFeedSink
lib-reexport	MatchingFeedsReport
lib-reexport	MembershipAggregateSink
lib-reexport	MembershipAggregationMode
lib-reexport	MembershipAggregationReport
lib-reexport	MembershipAlgebra
lib-reexport	MembershipAlgebraBudget
lib-reexport	MembershipCrossCell
lib-reexport	MembershipImport
lib-reexport	MembershipImportSource
lib-reexport	MembershipJoinReport
lib-reexport	MembershipJoinSink
lib-reexport	MembershipOperation
lib-reexport	MembershipQuery
lib-reexport	MembershipQueryBudget
lib-reexport	MembershipRef
lib-reexport	MembershipScope
lib-reexport	MembershipTransaction
lib-reexport	MembershipView
lib-reexport	MetaSelection
lib-reexport	NetworkEnrichmentV1
lib-reexport	NetworkEnrichmentV1CursorV4
lib-reexport	NetworkEnrichmentV1CursorV6
lib-reexport	NetworkEnrichmentV1Location
lib-reexport	NetworkEnrichmentV1Range
lib-reexport	NetworkEnrichmentV1View
lib-reexport	PreparedFeedChange
lib-reexport	PreparedHistoryProjection
lib-reexport	PreparedWorkflow
lib-reexport	PublicationPolicy
lib-reexport	PublicationResidueCoordination
lib-reexport	PublicationResidueHandle
lib-reexport	PublicationResidueInspection
lib-reexport	PublicationResidueMain
lib-reexport	PublicationResidueMainContent
lib-reexport	PublicationResidueRemoval
lib-reexport	PublicationResolutionMode
lib-reexport	PublicationStatus
lib-reexport	RangeDirection
lib-reexport	RangeSource
lib-reexport	ReaderCloseResult
lib-reexport	ReclaimResult
lib-reexport	ReplaceFeed
lib-reexport	Result
lib-reexport	SliceSource
lib-reexport	SnapshotBudget
lib-reexport	SnapshotOutcome
lib-reexport	SnapshotPreparationFailure
lib-reexport	SnapshotPublicationPolicy
lib-reexport	SnapshotResult
lib-reexport	SnapshotSourceMode
lib-reexport	StructureKind
lib-reexport	StructureRef
lib-reexport	StructuredTransaction
lib-reexport	TransactionBudget
lib-reexport	TransactionFeedCursor
lib-reexport	UncoveredFeed
lib-reexport	UncoveredSide
lib-reexport	ValueKind
lib-reexport	ValueTag
lib-reexport	WorkerAvailability
lib-reexport	WorkflowKind
lib-reexport	WorkflowReport
lib-reexport	create_immutable_feed_v4
lib-reexport	create_immutable_feed_v6
lib-reexport	create_live
lib-reexport	initialize_live
lib-reexport	inspect_publication_residue
lib-reexport	remove_publication_residue
lib-reexport	reset_live_coordination
lib-reexport	resolve_commit
lib-reexport	resolve_create_live
lib-reexport	resolve_interrupted_live_transition
lib-reexport	resolve_live_transition
lib-reexport	resolve_publication
lib-reexport	snapshot_to
live_lifecycle/transition.rs	initialize_live
live_writer.rs	abort
live_writer.rs	metadata_json
live_writer.rs	metadata_json_len
live_writer.rs	read_metadata_json
live_writer/create.rs	create_live
live_writer/result.rs	as_bytes
live_writer/structured.rs	assign_v6
live_writer/structured.rs	clear_metadata_json
live_writer/structured.rs	clear_v4
live_writer/structured.rs	clear_v6
live_writer/structured.rs	commit
live_writer/structured.rs	set_metadata_json
membership_view.rs	contains_index
membership_view.rs	read_words
publication/maintenance.rs	list_abandoned_publication_temps
publication/maintenance.rs	list_abandoned_reservation_artifacts
publication/maintenance.rs	list_windows_housekeeping
publication/maintenance.rs	remove_abandoned_publication_temp
publication/maintenance.rs	remove_abandoned_reservation_artifact
publication/maintenance.rs	remove_windows_housekeeping
range_cursor.rs	seek
recovery/api.rs	recover_immutable
recovery/api.rs	recover_live
recovery/api.rs	recover_offline
recovery/inspection.rs	inspect_recovery_candidates
recovery/scratch_maintenance.rs	list_abandoned_scratch
recovery/scratch_maintenance.rs	remove_abandoned_scratch
snapshot/api.rs	snapshot_to
validation.rs	validate
validation.rs	worker_availability
